{
  "weaponItems": {
    "entries": {
      "netherite_sword": 0.005,
      "iron_axe": 0.025,
      "golden_sword": 0.05,
      "shield": 0.025,
      "iron_sword": 0.025,
      "golden_axe": 0.05,
      "stone_sword": 0.025,
      "stone_axe": 0.025
    },
    "defaultItem": "air"
  },
  "lootItems": {
    "entries": {
      "gold_ingot": 0.1,
      "nether_wart": 0.1,
      "gold_nugget": 0.2
    },
    "defaultItem": "air"
  },
  "studyItems": {
    "entries": {
      "book": 0.4,
      "enchanted_book": 0.1,
      "paper": 0.1,
      "writable_book": 0.1
    },
    "defaultItem": "air"
  },
  "messHallItems": {
    "entries": {
      "cooked_porkchop": 0.3,
      "gold_ingot": 0.2,
      "porkchop": 0.3
    },
    "defaultItem": "air"
  },
  "alchemyItems": {
    "entries": {
      "magma_cream": 0.3,
      "fire_charge": 0.2,
      "quartz": 0.3
    },
    "defaultItem": "air"
  }
}